{"locations": [[96.0, 240.0], [80.0, 64.0], [112.0, 240.0], [128.0, 240.0], [90.51053619384766, 67.88290405273438], [144.0, 240.0], [80.0, 240.0], [160.0, 240.0], [144.0, 32.0], [240.0, 240.0], [112.0, 64.0], [128.0, 128.0], [128.0, 224.0], [224.0, 224.0], [113.13817596435547, 67.88290405273438], [96.0, 224.0], [80.0, 80.0], [32.0, 80.0], [45.25526428222656, 226.27635192871094]], "descriptors": [[-0.1006145253777504, 0.19182300567626953, 0.05306287109851837, -0.1961996704339981, 0.11394593864679337, -0.1716601550579071, 0.16319504380226135, 0.17494377493858337, 0.17951366305351257, 0.1290046125650406, -0.04223409295082092, 0.46500250697135925, 0.0013259777333587408, 0.3335656523704529, 0.07971363514661789, 0.11242768168449402, -0.11119329184293747, -0.03320460766553879, 0.11060754209756851, 0.019079891964793205, 0.03615465387701988, 0.001769513706676662, 0.01988869160413742, -0.1521822214126587, -0.16822285950183868, -0.08088099956512451, -0.19997499883174896, 0.08079424500465393, 0.11521131545305252, -0.21992017328739166, 0.03233693540096283, 0.2173348367214203, -0.21714606881141663, 0.20996993780136108, -0.017916129902005196, 0.14667455852031708, -0.19572289288043976, 0.11301784962415695, 0.054279912263154984, -0.0750545784831047], [-4.0990838897414505e-05, -0.04857755824923515, -0.04274540767073631, -0.026748167350888252, 0.09148532897233963, -0.03520238399505615, 0.15163476765155792, -0.27509286999702454, -0.06111105903983116, -0.07518875598907471, -0.09124816209077835, 0.03266953304409981, 0.056148044764995575, 0.14301897585391998, 0.11054861545562744, 0.2482229322195053, 0.12714378535747528, -0.10880470275878906, -0.29973819851875305, 0.22484956681728363, -0.016176918521523476, 0.042982980608940125, 0.10730378329753876, 0.20755180716514587, -0.2895596921443939, -0.045286692678928375, 0.18053121864795685, 0.019161367788910866, -0.10730989277362823, -0.3009082078933716, -0.008010825142264366, -0.21692733466625214, -0.13066774606704712, -0.18099665641784668, -0.119747593998909, -0.13879705965518951, 0.3279345631599426, -0.04826253280043602, -0.287573903799057, -0.03802419453859329], [-0.11367732286453247, 0.21940694749355316, -0.025654058903455734, -0.18721126019954681, 0.045939430594444275, -0.1864296793937683, 0.15601371228694916, 0.17544426023960114, 0.1013604924082756, 0.09856405854225159, -0.0061928448267281055, 0.34490811824798584, 0.019130118191242218, 0.398123174905777, 0.027525145560503006, 0.13864709436893463, -0.05645139887928963, -0.08213451504707336, 0.09814386069774628, 0.05004766955971718, 0.025968285277485847, -0.015238532796502113, 0.01890236884355545, -0.1291400045156479, -0.13881351053714752, -0.03889350965619087, -0.19096000492572784, 0.04054086655378342, 0.20109644532203674, -0.2257080227136612, 0.0062751248478889465, 0.3172176480293274, -0.1850144863128662, 0.29263854026794434, -0.0010458979522809386, 0.16818638145923615, -0.1846875250339508, 0.07633261382579803, 0.09205684065818787, -0.07673714309930801], [-0.08106926828622818, 0.19362463057041168, -0.026892224326729774, -0.1548457145690918, -0.004494398832321167, -0.09833011031150818, 0.20332865417003632, 0.11445435881614685, 0.08783887326717377, 0.09170317649841309, -0.038357824087142944, 0.33477523922920227, -0.02874032035470009, 0.4542272686958313, -0.014414648525416851, 0.09396906942129135, -0.07520733773708344, -0.0864553302526474, 0.1843959093093872, 0.05979239195585251, 0.08027719706296921, 0.033232055604457855, 0.0661846250295639, -0.18229496479034424, -0.15079545974731445, -0.000941787613555789, -0.22476886212825775, 0.09453776478767395, 0.24520115554332733, -0.12487129867076874, -0.07229624688625336, 0.16358135640621185, -0.1143353283405304, 0.3231377601623535, -0.0438472218811512, 0.13013578951358795, -0.24753756821155548, 0.07606446743011475, 0.1611684113740921, -0.07806988060474396], [0.009451541118323803, -0.014517857693135738, -0.0760158821940422, -0.014558061957359314, 0.04316671937704086, -0.04682568460702896, 0.1571398377418518, -0.2508864402770996, -0.050692252814769745, -0.12964747846126556, -0.18369382619857788, 0.008910869248211384, 0.021890325471758842, 0.12983256578445435, 0.10252057760953903, 0.21826472878456116, 0.2031337171792984, -0.09093141555786133, -0.33513343334198, 0.16965308785438538, -0.059656817466020584, 0.1402110606431961, 0.19901132583618164, 0.19515939056873322, -0.32180577516555786, 0.07945140451192856, 0.22688961029052734, -0.0033777488861232996, -0.07703722268342972, -0.24777232110500336, -0.140534445643425, -0.1094139888882637, -0.04909433797001839, -0.1069134995341301, -0.19975125789642334, -0.01906813681125641, 0.33035993576049805, -0.01690613105893135, -0.21122486889362335, -0.1150529533624649], [-0.04043252021074295, 0.27241548895835876, 0.0023961320985108614, -0.20108646154403687, -0.13320845365524292, -0.07034792751073837, 0.22744743525981903, 0.22591662406921387, 0.1758701205253601, 0.03615798428654671, 0.09561105817556381, 0.21764661371707916, 0.034029316157102585, 0.3874209523200989, -0.07380077987909317, 0.02891978994011879, -0.11699315905570984, -0.06139083579182625, 0.1951678991317749, 0.07493343204259872, 0.13712985813617706, 0.16730882227420807, 0.10301617532968521, -0.09661330282688141, -0.17097434401512146, -0.024093301966786385, -0.1973629742860794, 0.13749538362026215, 0.22564029693603516, 0.0135176507756114, -0.1447964906692505, 0.007037789095193148, -0.045833487063646317, 0.3319205343723297, 0.005683145951479673, 0.0024911127984523773, -0.1991024911403656, 0.23152270913124084, -0.02331274002790451, -0.1348298341035843], [-0.11886227130889893, 0.2315385639667511, 0.09611795842647552, -0.24913185834884644, 0.22656437754631042, -0.11922870576381683, 0.2853080928325653, 0.17762491106987, 0.174284890294075, 0.1696169376373291, -0.17072048783302307, 0.3475522994995117, 0.11450684815645218, 0.30410417914390564, 0.12428756058216095, 0.054799579083919525, -0.1562601774930954, 0.06155986338853836, 0.19067345559597015, 0.057221584022045135, 0.17092472314834595, 0.008693165145814419, 0.008793918415904045, -0.14157795906066895, 0.0013411622494459152, 0.07537112385034561, -0.17054904997348785, -0.08509811013936996, 0.017947683110833168, -0.2657678723335266, 0.035762228071689606, 0.08877799659967422, -0.1777534931898117, -0.1389729380607605, -0.2082078903913498, 0.040021058171987534, -0.01668751798570156, 0.0700410008430481, 0.05511058494448662, 0.07663916051387787], [0.006528622005134821, 0.25313669443130493, 0.12722569704055786, -0.18697382509708405, -0.052445512264966965, 0.007060615345835686, 0.28690794110298157, 0.25874704122543335, 0.0738372653722763, -0.045885611325502396, 0.1731119602918625, 0.14136278629302979, 0.02027571201324463, 0.3209708034992218, -0.05825306102633476, 0.1578962504863739, -0.336341917514801, -0.15390169620513916, 0.17722974717617035, 0.012039274908602238, 0.25391024351119995, 0.04196465015411377, -0.03223491832613945, 0.09674698114395142, -0.3057738244533539, 0.14807841181755066, -0.14714965224266052, 0.11606215685606003, -0.04894228279590607, -0.0845346674323082, -0.15241187810897827, 0.09476639330387115, -0.07176864147186279, 0.22638274729251862, 0.07436492294073105, 0.11864767223596573, -0.07931730151176453, 0.03340043127536774, 0.028127022087574005, 0.14797958731651306], [0.14173778891563416, 0.29383644461631775, -0.1589270383119583, -0.34466907382011414, -0.12629224359989166, -0.03805682435631752, 0.26252007484436035, 0.22689218819141388, 0.2896523177623749, -0.005258036311715841, -0.0035210768692195415, 0.1107606589794159, 0.0674714595079422, 0.5058680772781372, -0.09310004860162735, -0.06133585050702095, -0.1338161826133728, 0.0105896620079875, -0.02804449573159218, 0.0726933404803276, 0.024991372600197792, -0.016477584838867188, 0.14622832834720612, 0.042243123054504395, -0.10067734122276306, -0.01861017569899559, -0.10408079624176025, 0.11562587320804596, 0.15324042737483978, -0.04122660681605339, -0.04387146234512329, -0.0461583137512207, -0.08378303050994873, -0.02723577618598938, 