{"locations": [[0.0, 240.0], [160.0, 160.0], [135.76580810546875, 135.76580810546875], [0.0, 0.0], [128.0, 128.0], [96.0, 192.0], [16.0, 240.0], [16.0, 128.0], [0.0, 16.0], [135.76580810546875, 203.64871215820312], [0.0, 160.0], [128.0, 160.0], [135.76580810546875, 181.0210723876953], [160.0, 128.0], [16.0, 16.0], [128.0, 192.0], [0.0, 224.0], [160.0, 192.0], [160.0, 112.0]], "descriptors": [[0.046489641070365906, 0.010076675564050674, -0.24201206862926483, -0.1068478524684906, 0.20382851362228394, 0.12804386019706726, -0.0011500936234369874, 0.2452271729707718, 0.16062971949577332, 0.3219016492366791, 0.20551009476184845, 0.06501409411430359, -0.07391602545976639, 0.19798865914344788, -0.052309706807136536, 0.02059837616980076, -0.17224034667015076, 0.1807369738817215, 0.2117435783147812, 0.17796309292316437, 0.11765900254249573, 0.10579045861959457, -0.09269461780786514, 0.064508356153965, -0.1756466031074524, 0.03377903625369072, 0.05037560686469078, 0.17407391965389252, -0.1271275281906128, -0.00031872864929027855, -0.1801135390996933, 0.1740502417087555, -0.4236866235733032, -0.15655727684497833, 0.08254610002040863, 0.07831665128469467, -0.03349800035357475, -0.018316008150577545, -0.14708998799324036, -0.15983638167381287], [0.04587123915553093, 0.15532176196575165, -0.009310921654105186, -0.10069344192743301, 0.10037679225206375, -0.10851394385099411, 0.16138438880443573, 0.31396836042404175, -0.060270924121141434, -0.1207348182797432, -0.26580435037612915, -0.13576310873031616, 0.0023351518902927637, -0.03754812851548195, 0.086026631295681, 0.22935236990451813, 0.03384339436888695, -0.13259926438331604, -0.33888691663742065, 0.2679086923599243, -0.03755128011107445, -0.1079401969909668, -0.17293812334537506, -0.305140882730484, 0.02593548782169819, -0.0370359905064106, 0.032869111746549606, 0.05252622067928314, 0.017146291211247444, -0.2762307822704315, 0.02891494147479534, -0.03977436199784279, 0.1228160485625267, -0.0790906697511673, 0.025043442845344543, 0.30430126190185547, -0.19293838739395142, 0.04185590147972107, 0.045768000185489655, 0.25767776370048523], [-0.021912220865488052, -0.09237197041511536, -0.04029872640967369, 0.05503690615296364, -0.0011442885734140873, -0.12446862459182739, 0.22323739528656006, -0.011759665794670582, -0.26011964678764343, -0.14440080523490906, -0.14421463012695312, -0.10552926361560822, 0.0701594352722168, 0.07831544429063797, 0.11827733367681503, 0.44175073504447937, 0.17677639424800873, -0.44919446110725403, -0.2682158052921295, 0.13260626792907715, -0.041265036910772324, 0.008433988317847252, -0.1441672444343567, 0.05736876279115677, -0.09979595988988876, 0.047495659440755844, 0.03362928703427315, -0.14606432616710663, -0.06406079232692719, -0.07817795872688293, -0.08925638347864151, -0.14725758135318756, -0.14739947021007538, -0.19005994498729706, -0.012830310501158237, 0.1266925036907196, -0.2751094698905945, -0.07279229909181595, -0.019991008564829826, 0.04283703491091728], [-0.10980924218893051, -0.1070852056145668, -0.05981697887182236, 0.06436090916395187, 0.3289938271045685, 0.10927858203649521, -0.10765693336725235, 0.2528122365474701, 0.1732008457183838, 0.10513566434383392, 0.17414185404777527, 0.07630731165409088, -0.013410426676273346, 0.43627625703811646, 0.1373056024312973, -0.16056782007217407, -0.23210352659225464, 0.21175344288349152, 0.06827250868082047, 0.04351206496357918, -0.0025756158865988255, 0.2549729347229004, -0.12798762321472168, -0.0008098878315649927, -0.0297599658370018, -0.018129590898752213, 0.11658630520105362, 0.1601387858390808, 0.04318799823522568, -0.12868376076221466, -0.07633435726165771, 0.12612423300743103, -0.3383241295814514, -0.1474834382534027, 0.06704612076282501, -0.11553942412137985, -0.0635804682970047, -0.0758151262998581, 0.08697903156280518, -0.1484220176935196], [0.07318595051765442, -0.08776014298200607, 0.02321067824959755, 0.006908368319272995, -0.0576128251850605, 0.019032321870326996, 0.2424820512533188, -0.049713749438524246, -0.2062988579273224, -0.03901068493723869, -0.08578930795192719, 0.042705655097961426, 0.02224818617105484, 0.2272009402513504, 0.10154815018177032, 0.3196684718132019, 0.033549822866916656, -0.37733712792396545, -0.26133501529693604, 0.21579314768314362, -0.08473508059978485, 0.020940277725458145, 0.005254639312624931, -0.1296449601650238, -0.05716007575392723, 0.06685815751552582, 0.17918461561203003, -0.12432458996772766, -0.03065831959247589, -0.08110228925943375, -0.22328519821166992, -0.21281768381595612, -0.1846119910478592, -0.11820585280656815, -0.22315286099910736, 0.2811143100261688, -0.2595019042491913, -0.12969262897968292, 0.009089709259569645, 0.040160223841667175], [-0.008910284377634525, 0.027732081711292267, -0.021426483988761902, -0.19440074265003204, 0.13224337995052338, -0.1101100817322731, 0.28458788990974426, -0.07851612567901611, -0.4170738458633423, 0.09514499455690384, -0.07160451263189316, -0.06809302419424057, 0.06852046400308609, -0.06139354035258293, 0.14829154312610626, 0.2928142845630646, -0.0896930992603302, -0.027857813984155655, -0.23671597242355347, 0.18322308361530304, -0.03134308010339737, -0.09562603384256363, -0.15320925414562225, 0.044269487261772156, 0.02786138653755188, -0.03590332716703415, -0.21074457466602325, -0.10967704653739929, 0.10955807566642761, -0.09204170107841492, 0.2737495005130768, -0.03857383131980896, 0.13028934597969055, -0.19931310415267944, 0.10021788626909256, 0.298981249332428, 0.045351769775152206, 0.29218804836273193, 0.04288218915462494, -0.01931360736489296], [-0.0004133300099056214, 0.010735097341239452, -0.14862468838691711, -0.007284256629645824, 0.24037237465381622, 0.08389823883771896, 0.11383067071437836, 0.006340567953884602, 0.06444010883569717, 0.09050925821065903, 0.02283131144940853, -0.11237107217311859, 0.2826428711414337, 0.24739699065685272, -0.2618066668510437, 0.14189819991588593, 0.04845228046178818, -0.06368725746870041, -0.09274060279130936, 0.11698102951049805, -0.15189765393733978, -0.06650827825069427, 0.2133202850818634, -0.06920191645622253, -0.212082639336586, -0.11049831658601761, 0.13941265642642975, 0.12256009876728058, -0.2347542643547058, -0.2412504106760025, 0.09312932193279266, 0.3685435354709625, -0.21022260189056396, -0.08665821701288223, 0.019262399524450302, 0.1511387974023819, -0.14592990279197693, 0.20179925858974457, 0.1497383415699005, 0.17138324677944183], [-0.042124729603528976, -0.005585090722888708, -0.18022076785564423, -0.11483994871377945, 0.25072482228279114, 0.1622375100851059, 0.202103391289711, -0.11606968939304352, 0.034033797681331635, 0.029254592955112457, -0.06204114481806755, -0.0632283166050911, 0.3781201243400574, 0.16477999091148376, -0.09153132885694504, 0.20787721872329712, 0.015809694305062294, 0.02750019170343876, -0.009866357780992985, 0.2674637734889984, -0.20214945077896118, 0.11204961687326431, 0.18997858464717865, 0.09891511499881744, -0.19270677864551544, -0.001618389505892992, 0.13994713127613068, 0.09268979728221893, -0.21477490663528442, -0.20840665698051453, 0.1146959736943245, 0.18473899364471436, -0.2305389791727066, -0.04799053072929382, -0.0742473229765892, -0.04606372117996216, 0.05446076765656471, 0.27156931161880493, 0.10478615760803223, 0.22927550971508026], [-0.147263765335083, -0.08607455343008041, -0.08930188417434692, 0.016996286809444427, 0.3316084146499634, 0.10824406147003174, -0.17777492105960846, 0.24278302490711212, 0.1684306263923645, 0.1581239104270935, 0.12571562826633453, 0.1407804936170578, -0.053773727267980576, 0.3182939291000366, 0.14261530339717865, -0.11525774002075195, -0.32032090425491333, 0.1708230972290039, 0.09791943430900574, 0.042421746999025345, -0.07917997986078262, 0.2212388962507248, -0.059276510030031204, -0.030076339840888977, -0.0262594036757946, 0.05961158499121666, 0.17210319638252258, 0.225702702999115, 0.09809083491563797, -0.18188905715942383, -0.13659419119358063, 0.07567819952964783, -0.25296229124069214, -0.03189568966627121, 