{"locations": [[96.0, 0.0], [90.51053619384766, 0.0], [113.13817596435547, 0.0], [128.0, 0.0], [90.51053619384766, 22.62763214111328], [112.0, 0.0], [80.0, 0.0], [96.0, 0.0], [135.76580810546875, 0.0], [80.0, 16.0], [96.0, 32.0], [128.0, 0.0], [208.0, 32.0], [160.0, 0.0], [64.0, 32.0], [158.39344787597656, 0.0], [90.49774169921875, 0.0], [80.0, 32.0], [160.0, 48.0]], "descriptors": [[-0.07871291786432266, -0.06846921890974045, -0.10678177326917648, 0.23987962305545807, 0.22239777445793152, 0.1774328202009201, 0.059985097497701645, -0.3358842730522156, 0.257816880941391, 0.06769762933254242, -0.23163507878780365, -0.2343711107969284, 0.35319703817367554, -0.07279643416404724, -0.08363797515630722, -0.06977787613868713, -0.04756584018468857, 0.021342596039175987, 0.07387257367372513, 0.13315455615520477, -0.03929494693875313, 0.03966071084141731, -0.2547008693218231, 0.04589121416211128, 0.1354917287826538, 0.027898957952857018, -0.28513726592063904, 0.1854139119386673, 0.18438425660133362, 0.007929996587336063, 0.015299614518880844, 0.1494903713464737, -0.020331624895334244, -0.10361538082361221, 0.07707693427801132, -0.1063879206776619, -0.11247590184211731, -0.12413152307271957, 0.1586412936449051, -0.17935147881507874], [-0.024718215689063072, -0.021749135106801987, -0.10958182066679001, 0.16467441618442535, 0.26033151149749756, 0.1498527228832245, 0.16393280029296875, -0.15988770127296448, 0.2560862600803375, -0.008234914392232895, -0.20687296986579895, -0.3234502375125885, 0.2927333116531372, 0.005028586369007826, -0.027972599491477013, 0.039253219962120056, -0.15130221843719482, -0.0023973386269062757, 0.048648539930582047, 0.11610227078199387, -0.08259234577417374, 0.1186407282948494, -0.37684309482574463, -0.0003008859057445079, 0.11114964634180069, 0.01603986695408821, -0.28543293476104736, 0.10536520183086395, 0.15935595333576202, -0.10583443939685822, 0.04278408735990524, 0.21341779828071594, -0.14856421947479248, -0.07369200140237808, 0.10674768686294556, -0.16556598246097565, -0.06993702799081802, -0.19302880764007568, 0.06172187626361847, -0.1137423887848854], [-0.1204717680811882, -0.009495950303971767, -0.12277887016534805, -0.006147095002233982, 0.13809813559055328, 0.07476361840963364, 0.25858160853385925, -0.22328542172908783, 0.1483319103717804, 0.03486808016896248, -0.33586210012435913, -0.1689196079969406, 0.2705181837081909, -0.1375904679298401, -0.05050649121403694, -0.07602493464946747, 0.0024016129318624735, -0.060759492218494415, 0.05279815196990967, 0.16397933661937714, -0.18887069821357727, -0.15224377810955048, -0.11917765438556671, 0.231288880109787, 0.2238408625125885, -0.0024867509491741657, -0.16176804900169373, 0.1274389922618866, 0.21409043669700623, -0.021931303665041924, -0.18777993321418762, 0.08992233127355576, -0.16128946840763092, -0.023415450006723404, 0.12009844183921814, -0.016122153028845787, -0.2997167408466339, -0.06138453632593155, 0.1946250945329666, -0.22153043746948242], [-0.06791333854198456, 0.0870787650346756, -0.11392223089933395, 0.01419105939567089, -0.013549546711146832, 0.16827315092086792, 0.2472832202911377, -0.11526999622583389, 0.018156766891479492, -0.17247015237808228, -0.3874959945678711, -0.04905051738023758, -0.14660774171352386, 0.06053800508379936, -0.15976350009441376, -0.047781385481357574, -0.03270833566784859, 0.06307743489742279, -0.11898650974035263, 0.2709532380104065, -0.06972741335630417, -0.0681445375084877, 0.06667861342430115, 0.3358568251132965, 0.03849032148718834, 0.14583028852939606, -0.056852005422115326, -0.11676745861768723, 0.24869270622730255, -0.22903789579868317, -0.2733705937862396, 0.25040459632873535, -0.1046280637383461, 0.061233893036842346, 0.12623454630374908, -0.15758594870567322, -0.1900947093963623, 0.12354041635990143, -0.07108059525489807, -0.11595077812671661], [-0.03632425144314766, 0.03735140338540077, -0.04909636825323105, -0.11761019378900528, 0.3393014669418335, -0.002520508598536253, 0.32607316970825195, 0.14090707898139954, 0.09128791093826294, -0.01077469252049923, -0.16110321879386902, -0.29060426354408264, 0.03367156162858009, -0.024742964655160904, 0.21535544097423553, 0.1157488077878952, -0.018516963347792625, -0.3034137785434723, -0.10686121881008148, -0.007433457300066948, -0.1348617523908615, 0.10563015937805176, -0.33904552459716797, -0.07101073116064072, 0.02074149064719677, -0.023286128416657448, 0.01718134805560112, -0.18398569524288177, -0.024054571986198425, 0.09588765352964401, 0.22821567952632904, 0.2839663326740265, -0.12480835616588593, -0.02881525456905365, -0.10811647027730942, -0.2294280081987381, -0.012478749267756939, -0.12117141485214233, 0.1798187792301178, 0.024917926639318466], [-0.12107425928115845, 0.06454716622829437, -0.08622759580612183, 0.0030185182113200426, 0.1069493442773819, 0.04753952845931053, 0.2307894080877304, -0.19293496012687683, 0.16588862240314484, 0.07846970856189728, -0.2707889676094055, -0.0832606852054596, 0.31542477011680603, -0.20185714960098267, -0.04966775327920914, -0.13652969896793365, 0.11453084647655487, 0.0023709717206656933, 0.017165329307317734, 0.08598042279481888, -0.2137252241373062, -0.17440304160118103, -0.04382790997624397, 0.24834130704402924, 0.07931271940469742, -0.04823091998696327, -0.1613030731678009, 0.2674614191055298, 0.27945512533187866, 0.03407077118754387, -0.1483009159564972, 0.10175307840108871, -0.1367853283882141, 0.10448337346315384, 0.03453324735164642, -0.0068348306231200695, -0.23206640779972076, -0.10204288363456726, 0.19376780092716217, -0.2886337339878082], [0.157363623380661, -0.11885423213243484, -0.1826407015323639, 0.31418052315711975, 0.22647584974765778, -0.02254384011030197, 0.09525637328624725, -0.04072239249944687, 0.3931434154510498, 0.05186178535223007, 0.0690309926867485, -0.3259913921356201, -0.00825606007128954, -0.013085465878248215, 0.011289162561297417, -0.1235571950674057, -0.13445304334163666, 0.08724912256002426, -0.010083022527396679, 0.015689581632614136, -0.23187410831451416, 0.06516402214765549, -0.37064293026924133, -0.08619066327810287, -0.08006960153579712, 0.009504192508757114, -0.08637860417366028, 0.14251089096069336, 0.09564145654439926, 0.13988566398620605, 0.03689631074666977, 0.16150355339050293, -0.008306452073156834, -0.1309620589017868, -0.11683175712823868, -0.03342214226722717, 0.13022710382938385, -0.2463848888874054, -0.02830108068883419, -0.22989599406719208], [-0.08250969648361206, -0.04830450937151909, -0.09093058109283447, 0.07986757159233093, 0.1951233148574829, 0.18680325150489807, 0.17891672253608704, -0.2251041680574417, 0.13948507606983185, -0.031205274164676666, -0.23264075815677643, -0.25065547227859497, 0.22705979645252228, 0.03535979241132736, -0.08525773882865906, 0.037266310304403305, -0.05383843556046486, -0.1100459173321724, -0.04858950898051262, 0.23762646317481995, -0.06557805836200714, 0.08156939595937729, -0.2943462133407593, 0.16948610544204712, 0.21181413531303406, -0.02510075457394123, -0.24902455508708954, 0.04072646424174309, 0.23070555925369263, -0.1778143048286438, 0.05732043832540512, 0.22240129113197327, -0.23790517449378967, -0.044737283140420914, 0.11213387548923492, -0.051476411521434784, -0.10676711797714233, -0.015500406734645367, 0.24904148280620575, -0.16527998447418213], [-0.09248320758342743, 0.070398710668087, -0.18498025834560394, -0.024679455906152725, -0.037390075623989105, 0.1251586526632309, 0.19895817339420319, -0.22033441066741943, 0.06315936893224716, -0.23470088839530945, -0.26871195435523987, 0.05655045062303543, -0.15106384456157684, 0.029470769688487053, -0.15121445059776306, 0.018914546817541122, -0.08213766664266586, 0.04351523518562317, -0.15661944448947906, 0.17664900422096252, -0.13772793114185333, -0.04481013864278793, 0.10074368119239807, 0.4355139434337616, 0.07612408697605133, 0.04753013700246811, 0.05325036495923996, -0.03979101777076721, 0.07889751344919205, -0.30896490812301636, -0.27966731786727905, 0.26545360684394836, 0.00696455966681242, 