{"locations": [[45.25526428222656, 135.76580810546875], [64.0, 128.0], [32.0, 128.0], [45.25526428222656, 90.51054382324219], [224.0, 64.0], [45.255271911621094, 135.76580810546875], [224.0, 208.0], [48.0, 128.0], [224.0, 32.0], [0.0, 90.49774169921875], [0.0, 128.0], [32.0, 160.0], [226.27635192871094, 67.88290405273438], [64.0, 128.0]], "descriptors": [[-0.10313495248556137, -0.07811681926250458, -0.051190149039030075, 0.07593799382448196, -0.10236967355012894, -0.017385613173246384, 0.2832964062690735, 0.0865994542837143, 0.07736881822347641, -0.2535593509674072, -0.3092780113220215, 0.2434735745191574, -0.06988491863012314, 0.07510179281234741, -0.04604480415582657, 0.15372727811336517, 0.22473359107971191, -0.15156365931034088, -0.1440967321395874, 0.1501922309398651, -0.10438475012779236, 0.17465342581272125, 0.2610131502151489, 0.04775071516633034, -0.22782915830612183, -0.01871868595480919, 0.08257202804088593, 0.0445103794336319, 0.20075970888137817, -0.0399707593023777, -0.18880562484264374, -0.017641473561525345, -0.17442364990711212, 0.030900409445166588, -0.14486612379550934, -0.15226298570632935, 0.15300054848194122, 0.32698917388916016, -0.2026563137769699, 0.01940496824681759], [-0.0679217055439949, -0.06500548869371414, -0.12429707497358322, 0.07189088314771652, -0.05862993374466896, 0.04421136528253555, 0.18818360567092896, -0.036327529698610306, 0.071529820561409, -0.1867021769285202, -0.28880733251571655, 0.15921971201896667, -0.09426979720592499, 0.09763412922620773, -0.10174841433763504, 0.08454466611146927, 0.28645190596580505, -0.03639479726552963, -0.31255489587783813, 0.08199171721935272, 0.008373122662305832, 0.24810150265693665, 0.23748460412025452, 0.21406735479831696, -0.20908057689666748, -0.06353756040334702, 0.21451731026172638, -0.010918739251792431, 0.12798833847045898, -0.15699708461761475, -0.2563909590244293, 0.054440442472696304, -0.07269131392240524, -0.04481642693281174, -0.22506532073020935, -0.07178248465061188, 0.10553618520498276, 0.30461201071739197, -0.14535601437091827, 0.01871793158352375], [-0.05235123261809349, -0.04945328086614609, -0.05481737107038498, 0.027851086109876633, 0.06289923191070557, -0.07100363075733185, 0.3637644648551941, 0.013988150283694267, 0.03495927155017853, -0.17869728803634644, -0.32407018542289734, 0.14151930809020996, -0.05392361804842949, 0.074992336332798, 0.06872759759426117, 0.25926172733306885, 0.12690608203411102, -0.2485610991716385, -0.19992807507514954, 0.11243616044521332, -0.12508364021778107, 0.16741138696670532, 0.1398061066865921, 0.034037768840789795, -0.1608315110206604, 0.0464087650179863, 0.04245908930897713, 0.015170100145041943, 0.03430958464741707, -0.08707898110151291, -0.03237630054354668, -0.03436744958162308, -0.19915840029716492, -0.04897112399339676, -0.2186613827943802, -0.09648603945970535, 0.3516082465648651, 0.13184143602848053, -0.3642147183418274, -0.04551219567656517], [-0.04901326820254326, -0.13524296879768372, -0.05765411630272865, 0.004319258499890566, -0.09521161019802094, -0.04590075835585594, 0.3621876537799835, 0.0773368626832962, 0.20297817885875702, -0.26253318786621094, -0.3685762584209442, 0.15660429000854492, -0.07621036469936371, 0.28331735730171204, 0.10392700135707855, -0.12093991041183472, 0.1550559103488922, -0.0976887047290802, -0.09141960740089417, 0.09443328529596329, 0.01563764363527298, -0.08376132696866989, 0.2410682886838913, 0.01119245681911707, -0.20273153483867645, -0.09371807426214218, -0.046061087399721146, 0.20355254411697388, 0.06890199333429337, -0.08486289530992508, -0.05666567385196686, -0.09313655644655228, -0.218655526638031, 0.15987499058246613, -0.17554983496665955, -0.16555523872375488, 0.0867491066455841, 0.12803034484386444, -0.2375572919845581, -0.007049808744341135], [0.1056881919503212, -0.07051551342010498, -0.15305456519126892, -0.10878297686576843, 0.042930979281663895, -0.12376140058040619, 0.08606167137622833, -0.11361564695835114, -0.13814762234687805, 0.13643477857112885, -0.020159317180514336, -0.059098295867443085, -0.047207292169332504, 0.2531723082065582, -0.13657814264297485, 0.01926049403846264, -0.19151313602924347, -0.28193363547325134, -0.1639004349708557, 0.2338661402463913, 0.17720280587673187, 0.07913707196712494, -0.3113020956516266, -0.06744040548801422, -0.11669637262821198, -0.05515003204345703, 0.18657584488391876, -0.013922451995313168, 0.023080388084053993, -0.19448448717594147, -0.11651918292045593, -0.10998287796974182, -0.28334587812423706, -0.2576625943183899, -0.2692919075489044, -0.06618466228246689, 0.25214704871177673, 0.1486547887325287, -0.14501917362213135, 0.03687551990151405], [-0.03920816257596016, -0.06479477137327194, -0.10864608734846115, 0.07319394499063492, 0.11341119557619095, -0.10794663429260254, 0.3379291594028473, 0.0416078194975853, 0.020057953894138336, -0.12221716344356537, -0.27149444818496704, 0.20064930617809296, 0.04817231371998787, 0.02406318299472332, -0.10915214568376541, 0.31146809458732605, 0.2659664750099182, -0.34447717666625977, -0.26235678791999817, 0.07262072712182999, -0.19905506074428558, 0.20756646990776062, 0.18509386479854584, -0.03999268263578415, -0.13590912520885468, 0.03640313446521759, 0.11766428500413895, 0.0602552630007267, 0.18396522104740143, 0.07430760562419891, 0.060959018766880035, -0.1053357794880867, -0.11858627200126648, -0.049705952405929565, -0.1629381775856018, -0.05777044594287872, 0.19094274938106537, 0.12614841759204865, -0.14619837701320648, -0.042870812118053436], [0.0986572727560997, -0.013648753054440022, -0.06956266611814499, -0.12062756717205048, -0.07404245436191559, -0.09334417432546616, 0.036096684634685516, -0.19359098374843597, -0.2292633205652237, 0.101340152323246, -0.026133157312870026, -0.02280578576028347, -0.14626315236091614, 0.1946180909872055, -0.3151916265487671, 0.10845913738012314, -0.11127045750617981, -0.32010215520858765, -0.17483334243297577, 0.09056849777698517, 0.1596599966287613, 0.08256706595420837, -0.25517475605010986, -0.1419420689344406, -0.1328875571489334, -0.08746954798698425, 0.1580887883901596, -0.029092445969581604, 0.07187769562005997, -0.23007377982139587, -0.2260953187942505, -0.13901421427726746, -0.3016720116138458, -0.12085939943790436, -0.2867761254310608, 0.010362312197685242, 0.15477555990219116, -0.0026901885867118835, -0.1048581451177597, 0.097486712038517], [-0.14402930438518524, -0.02620525099337101, -0.1034163162112236, 0.048500046133995056, 0.03482694551348686, -0.0669410303235054, 0.2973242700099945, -0.018825124949216843, 0.012795663438737392, -0.17104385793209076, -0.20018282532691956, 0.2950565218925476, -0.08263670653104782, 0.08237998932600021, -0.16363899409770966, 0.25702348351478577, 0.21110479533672333, -0.1861169934272766, -0.4556579291820526, 0.07293924689292908, -0.14335983991622925, 0.19200308620929718, 0.07853629440069199, 0.18940159678459167, 0.06279094517230988, 0.05789541080594063, 0.17841435968875885, 0.014296312816441059, 0.18679042160511017, 0.005350240971893072, 0.12521713972091675, 0.12964679300785065, -0.21539750695228577, -0.020013904199004173, -0.08198550343513489, 0.005219059064984322, 0.015258495695888996, 0.23132960498332977, 0.006908537819981575, 0.04880659282207489], [0.1667499542236328, -0.006193296983838081, -0.07366082817316055, -0.08840717375278473, -0.018805425614118576, -0.08748733997344971, 0.3130044937133789, 0.03275706246495247, 0.08886190503835678, 0.06730051338672638, -0.1477654129266739, -0.03500676900148392, -0.03801197186112404, 0.27656611800193787, 0.04583848640322685, 0.2684863805770874, -0.005250244867056608, -0.25471118092536926, -0.07379193603992462, 0.0061083086766302586, 0.09384886175394058, 0.07702065259218216, -0.23889519274234772, 0.028036829084157944, 0.06330064684152603, 0.10244018584489822, 0.10806749016046524, 0.09837980568408966, -0.05263369902968407, -0.018859095871448517, -0.285593181848526, -0.07391170412302017, -0.09682103246450424, -0.17021164298057556, -0.025114787742495537, 