{"locations": [[135.76580810546875, 203.64871215820312], [144.0, 208.0], [144.0, 192.0], [128.0, 64.0], [135.76580810546875, 90.51054382324219]], "descriptors": [[0.02422414720058441, -0.07163932174444199, -0.024913687258958817, 0.0907551646232605, 0.34543415904045105, -0.031142517924308777, 0.16995856165885925, -0.211093470454216, 0.06295900791883469, -0.2875669598579407, -0.1827656626701355, -0.09222684800624847, -0.07580545544624329, 0.0012474976247176528, -0.03363540768623352, 0.4014652371406555, -0.1420832872390747, -0.15096381306648254, -0.11578013002872467, 0.09731153398752213, -0.12548990547657013, 0.2837730646133423, 0.08908307552337646, 0.0365944541990757, -0.04643828794360161, 0.07242539525032043, 0.05466882139444351, -0.09336354583501816, -0.03814839571714401, -0.13976317644119263, -0.07266803085803986, -0.09016847610473633, -0.129924476146698, -0.1972123235464096, -0.14489203691482544, -0.30008891224861145, 0.18542051315307617, -0.26181909441947937, 0.007901103235781193, -0.01841728389263153], [-0.016574285924434662, -0.06762136518955231, -0.012018206529319286, 0.06541077792644501, 0.16502948105335236, 0.03323151543736458, 0.10373837500810623, -0.2722102999687195, -0.008845578879117966, -0.33506885170936584, -0.1265193372964859, 0.05875258520245552, -0.07831824570894241, 0.015992211177945137, -0.0764063373208046, 0.41545918583869934, 0.020024361088871956, -0.14184404909610748, -0.22725367546081543, 0.16329354047775269, -0.1249438226222992, 0.18809086084365845, 0.18334443867206573, 0.13590578734874725, -0.20043078064918518, 0.07242736965417862, 0.2043779492378235, -0.05760448798537254, -0.03733840584754944, -0.10320952534675598, -0.20736734569072723, -0.2229999303817749, -0.15687809884548187, -0.10868282616138458, -0.23065577447414398, -0.18611152470111847, 0.11918801814317703, -0.06305069476366043, -0.003638070309534669, -0.14575177431106567], [-0.06944297254085541, -0.04347363859415054, -0.05494099482893944, 0.01168027613312006, 0.25957807898521423, -0.02849448099732399, 0.29206040501594543, -0.2639985680580139, -0.10210411250591278, -0.24377697706222534, -0.07915427535772324, 0.2106831818819046, -0.04889558628201485, 0.060816869139671326, -0.06782378256320953, 0.4833976924419403, 0.012129303999245167, -0.13054174184799194, -0.2145710438489914, 0.13156968355178833, -0.12259829044342041, 0.09551042318344116, 0.12794847786426544, 0.0600411519408226, -0.010613474063575268, 0.04196609556674957, -0.02434881217777729, -0.100155770778656, -0.1397375464439392, -0.02364972233772278, 0.029480626806616783, -0.3327307105064392, -0.1728316992521286, -0.24423211812973022, -0.00202538026496768, -0.19058912992477417, -0.04544513672590256, -0.046529315412044525, -0.02938753180205822, 0.04800815507769585], [0.05216565728187561, -0.04384104907512665, -0.12326287478208542, 0.20662571489810944, 0.28139013051986694, -0.07012061774730682, -0.05554017797112465, -0.2852672338485718, 0.0878354087471962, -0.0679575577378273, -0.041398219764232635, 0.024343863129615784, -0.1652243286371231, 0.09281964600086212, 0.11131555587053299, 0.14113320410251617, -0.00021122155885677785, -0.2592618763446808, -0.2230524867773056, -0.008142621256411076, 0.026796158403158188, 0.1420273631811142, 0.021136265248060226, -0.017509352415800095, -0.024944797158241272, -0.11166449636220932, -0.018339553847908974, -0.06492650508880615, 0.18817050755023956, -0.26282376050949097, -0.2551088035106659, -0.126400887966156, -0.21320074796676636, -0.3471563458442688, -0.17150811851024628, -0.3323037624359131, -0.05119587108492851, -0.05781642720103264, 0.1273096352815628, 0.1272675096988678], [0.032058242708444595, -0.0677252933382988, -0.13340778648853302, 0.16522233188152313, 0.23204663395881653, -0.22846391797065735, -0.1786445826292038, -0.24399715662002563, 0.03613995388150215, -0.08568144589662552, 0.010115507990121841, 0.06517444550991058, -0.11098118126392365, 0.14970488846302032, -0.0011520669795572758, 0.21977598965168, -0.058495670557022095, -0.20558613538742065, -0.22139358520507812, 0.09474766254425049, -0.022866109386086464, 0.18025033175945282, 0.07466766983270645, 0.02338547818362713, -0.08857426792383194, -0.07894060760736465, 0.05296124145388603, 0.07360345870256424, 0.22311921417713165, -0.07591982185840607, -0.23854516446590424, -0.2239651381969452, -0.2354050576686859, -0.30832770466804504, -0.2733463644981384, -0.27280065417289734, 0.06370897591114044, -0.015444471500813961, 0.08564189821481705, 0.12959454953670502]]}