{"locations": [[128.0, 128.0], [16.0, 128.0], [32.0, 112.0], [32.0, 96.0], [64.0, 240.0], [135.76580810546875, 181.0210723876953], [208.0, 32.0], [181.0210723876953, 181.0210723876953], [160.0, 192.0], [128.0, 64.0], [16.0, 16.0], [135.76580810546875, 90.51054382324219], [128.0, 128.0], [135.76580810546875, 45.25526428222656], [32.0, 80.0], [135.76580810546875, 135.76580810546875], [144.0, 144.0], [160.0, 64.0], [144.0, 176.0]], "descriptors": [[-0.044343750923871994, 0.00584333436563611, -0.23361322283744812, 0.03433544561266899, 0.017477374523878098, -0.03793228790163994, 0.28516897559165955, 0.07250215858221054, 0.10223399102687836, -0.2875405251979828, -0.2688182592391968, 0.21655388176441193, 0.07636559009552002, 0.03315238654613495, 0.025065001100301743, 0.06108524650335312, 0.010558631271123886, -0.0332019105553627, 0.1342850625514984, 0.08181315660476685, -0.14941047132015228, 0.15690934658050537, 0.1696338653564453, -0.14705830812454224, -0.28753742575645447, -0.10790297389030457, -0.1149277314543724, 0.32084888219833374, 0.12285216897726059, -0.36065661907196045, -0.10926789045333862, -0.002607885515317321, 0.15233726799488068, -0.061127692461013794, -0.14131268858909607, 0.05783131346106529, 0.204435795545578, 0.00391773134469986, -0.15457113087177277, -0.15333974361419678], [0.1733335256576538, -5.7473211199976504e-05, -0.10295052826404572, -0.10967260599136353, 0.06975041329860687, 0.021372148767113686, -0.015460961498320103, -0.09601730108261108, 0.02890092507004738, 0.0689665898680687, -0.20611324906349182, -0.0735258162021637, 0.10419391095638275, 0.10373809188604355, 0.061105310916900635, 0.3532316982746124, -0.18044942617416382, 0.09239231795072556, -0.30299004912376404, -0.02658785693347454, -0.02579737827181816, 0.14290013909339905, -0.36654049158096313, 0.023683631792664528, -0.07119805365800858, 0.15076090395450592, 0.13197004795074463, -0.12024261802434921, 0.09778618812561035, 0.13907361030578613, 0.06806360185146332, 0.1885083168745041, -0.005622260272502899, -0.06293407827615738, -0.18844828009605408, 0.37706631422042847, 0.2580043375492096, 0.23645062744617462, -0.053173914551734924, 0.06004705652594566], [0.12095217406749725, 0.06281935423612595, -0.06454574316740036, 0.014875766821205616, 0.07697192579507828, -0.10814110189676285, -0.0883626863360405, 0.025008393451571465, 0.07756905257701874, -0.0433596596121788, -0.21671314537525177, 0.06904423981904984, 0.06565799564123154, 0.015038871206343174, -0.30897897481918335, 0.036842457950115204, -0.03315521404147148, 0.14047710597515106, -0.23487679660320282, 0.023622894659638405, 0.3017233610153198, 0.10882110893726349, -0.34326085448265076, -0.18606449663639069, 0.27903756499290466, -0.0053244419395923615, 0.09002892673015594, 0.19463878870010376, -0.24447473883628845, -0.11828068643808365, -0.39459228515625, -0.11690445244312286, -0.04060375690460205, -0.053479328751564026, 0.05995836853981018, 0.08459799736738205, -0.2505112588405609, -0.07285334914922714, -0.0024061640724539757, 0.08814821392297745], [0.04958672448992729, 0.0780695453286171, 0.053738854825496674, 0.10129962116479874, 0.13214989006519318, 0.018670011311769485, -0.08603639900684357, -0.0974714383482933, -0.07764425128698349, -0.024160968139767647, -0.09700112789869308, 0.16200748085975647, 0.13243864476680756, 0.11479315906763077, -0.10515959560871124, 0.0489775687456131, -0.0362309031188488, -0.05892106518149376, -0.1069871038198471, -0.046791546046733856, 0.33599090576171875, -0.03390393406152725, -0.33514341711997986, -0.2545384466648102, 0.2675017714500427, -0.053640760481357574, 0.10687648504972458, 0.04113827645778656, -0.2385035902261734, -0.23942770063877106, -0.26419395208358765, 0.16665060818195343, -0.042502667754888535, -0.1359095275402069, -0.019524922594428062, 0.27575594186782837, -0.27592769265174866, 0.07926900684833527, -0.16500867903232574, 0.20467214286327362], [0.019826432690024376, 0.08492252975702286, -0.10681179165840149, -0.11242730170488358, 0.06844964623451233, -0.04516303166747093, 0.23510877788066864, -0.11418686807155609, 0.032460372895002365, -0.1363317221403122, -0.13743002712726593, -0.010347189381718636, 0.039908211678266525, 0.19783546030521393, 0.05394808202981949, 0.27088725566864014, -0.14559762179851532, 0.12153337150812149, -0.10547103732824326, 0.10634356737136841, 0.1791592687368393, -0.16316483914852142, -0.12250418961048126, -0.3089972138404846, -0.030002407729625702, 0.009358126670122147, -0.03840154781937599, 0.03563889488577843, -0.12849538028240204, -0.46709659695625305, -0.10825794190168381, 0.14007575809955597, 0.08259007334709167, -0.14008371531963348, -0.28873366117477417, -0.15385113656520844, 0.18329420685768127, 0.05914360284805298, -0.04567984491586685, 0.2600274980068207], [-0.027565235272049904, -0.08883876353502274, -0.21806906163692474, 0.07346735149621964, 0.03427036851644516, -0.09072322398424149, 0.09976734966039658, -0.11938189715147018, 0.14487893879413605, -0.2091415524482727, -0.27277809381484985, 0.1263662725687027, 0.15423329174518585, -0.19636604189872742, -0.011348105035722256, 0.030264779925346375, 0.04777195677161217, -0.20161554217338562, 0.3012302815914154, 0.03354740887880325, -0.10136225074529648, 0.24233569204807281, 0.11954863369464874, -0.3011607229709625, -0.2968354821205139, 0.11707967519760132, 0.0029831116553395987, 0.05040137842297554, -0.03802208974957466, -0.09341108053922653, 0.02283181995153427, -0.10068772733211517, 0.2510646879673004, -0.0759245902299881, -0.05378492921590805, 0.06693577766418457, 0.2930324673652649, -0.20168250799179077, -0.22267752885818481, 0.0009236826444976032], [-0.03954366222023964, -0.038333598524332047, -0.16290372610092163, -0.21076951920986176, 0.019516732543706894, -0.014003491029143333, 0.2232462465763092, 0.08391384780406952, -0.11355496942996979, 0.0731211006641388, 0.031591758131980896, 0.26871058344841003, 0.03037450648844242, 0.20378872752189636, -0.006937697064131498, 0.2619042992591858, -0.04230911657214165, 0.09204348921775818, -0.23043791949748993, -0.12483244389295578, -0.2211451381444931, 0.0603041797876358, 0.07410504668951035, 0.03124818578362465, -0.09289293736219406, 0.25100407004356384, 0.09757743775844574, 0.0377458855509758, -0.2782038152217865, -0.12767529487609863, 0.09956410527229309, -0.03852101415395737, 0.04020553082227707, -0.24181632697582245, -0.20729249715805054, 0.06458985805511475, 0.3478894829750061, 0.248722106218338, 0.21354055404663086, 0.06823180615901947], [-0.10358299314975739, -0.06161106005311012, -0.30560389161109924, -0.10925974696874619, -0.20949189364910126, -0.26530641317367554, 0.04709000885486603, -0.060204219073057175, 0.1419379562139511, -0.1825689822435379, -0.175697460770607, 0.27629196643829346, 0.070339635014534, -0.10692671686410904, 0.009332230314612389, 0.1618478000164032, 0.011713658459484577, -0.24718086421489716, 0.16348698735237122, 0.15602858364582062, -0.2087455540895462, 0.16054466366767883, 0.14991217851638794, -0.2477237433195114, -0.24137113988399506, 0.15485964715480804, -0.01348443329334259, 0.11353873461484909, 0.10350832343101501, 0.07256144285202026, 0.05649188160896301, -0.14505857229232788, 0.044731177389621735, 0.09961143881082535, -0.060330018401145935, 0.12796743214130402, 0.018631543964147568, 0.18688921630382538, -0.28313949704170227, 0.09095314890146255], [-0.0746486634016037, -0.0764850378036499, -0.17447921633720398, -0.01926676370203495, -0.06805743277072906, -0.12715215981006622, 0.11250310391187668, 0.04808802530169487, 0.09987588226795197, -0.22755961120128632, -0.18320195376873016, 0.38506215810775757, 0.15527726709842682, -0.10278218984603882, 0.005342086777091026, 0.21490775048732758, 0.1107632964849472, -0.3691617250442505, 0.1869076043367386, 0.14805477857589722, -0.307332307100296, 0.06143449619412422, 0.1324697732925415, -0.22846075892448425, -0.1257556974887848, 0.25229427218437195, -0.08568713068962097, 0.1585506796836853, 0.11244598776102066, 0.15321972966194153, 0.10192011296749115, 