{"locations": [[0.0, 16.0], [0.0, 128.0], [45.25526428222656, 0.0], [128.0, 128.0], [144.0, 160.0], [96.0, 48.0], [0.0, 0.0], [160.0, 176.0], [144.0, 176.0], [0.0, 0.0], [112.0, 176.0], [64.0, 0.0], [192.0, 112.0], [90.49774169921875, 180.9954833984375], [0.0, 240.0]], "descriptors": [[-0.09384044259786606, 0.05826671048998833, 0.014526265673339367, -0.20863781869411469, -0.00933780986815691, 0.020441312342882156, 0.4148483872413635, 0.05593829229474068, -0.0053748078644275665, -0.031824491918087006, -0.09158336371183395, 0.09460293501615524, 0.004528408870100975, 0.06536905467510223, -0.08887878805398941, 0.1803930252790451, 0.06650697439908981, 0.005743606481701136, 0.02252483367919922, -0.2225642204284668, -0.02995109185576439, -0.17297817766666412, -0.20321550965309143, -0.17861057817935944, 0.0845005065202713, -0.030416904017329216, -0.4583415389060974, -0.0529019758105278, -0.19385941326618195, -0.18699462711811066, -0.07154957205057144, 0.18726128339767456, 0.022124458104372025, 0.12866546213626862, -0.04292319342494011, 0.12394415587186813, -0.11871995776891708, 0.26101839542388916, 0.29319068789482117, -0.1028873398900032], [-0.044110167771577835, 0.15632732212543488, -0.058879707008600235, -0.04860536381602287, 0.04669804126024246, 0.0643528625369072, 0.22177089750766754, 0.22136996686458588, 0.16251620650291443, -0.15394803881645203, -0.10417507588863373, 0.2404807209968567, 0.0730605199933052, 0.17280533909797668, 0.11427641659975052, 0.34739425778388977, -0.14044325053691864, -0.09929957240819931, -0.2435096800327301, 0.2735997140407562, -0.0008195691625587642, -0.22379745543003082, 0.2080373615026474, -0.20246893167495728, 0.025965388864278793, 0.038203831762075424, -0.18239234387874603, 0.08029410988092422, 0.0937599167227745, -0.1323777586221695, -0.2391762137413025, 0.07851120829582214, -0.0505293533205986, -0.08264748007059097, -0.18535509705543518, 0.07399360835552216, -0.1477660834789276, 0.11408165842294693, 0.06593319773674011, 0.23979058861732483], [-0.09872518479824066, -0.002390058944001794, -0.10086573660373688, -0.23011881113052368, 0.026661483570933342, -0.013071713969111443, 0.24536387622356415, 0.023085344582796097, 0.05972551926970482, -0.0057640839368104935, -0.24723026156425476, 0.007123657967895269, 0.129884734749794, 0.04824063926935196, -0.01329283881932497, -0.004378352779895067, -0.23691143095493317, -0.16979745030403137, -0.2234618365764618, -0.08421102166175842, -0.26613330841064453, -0.22486746311187744, 0.14605499804019928, -0.03993240371346474, -0.14623740315437317, -0.28420254588127136, -0.10891418904066086, 0.2622147500514984, -0.010442852042615414, 0.009089391678571701, 0.006535650696605444, 0.201189324259758, 0.010787058621644974, 0.21327754855155945, -0.12626715004444122, -0.15767428278923035, -0.19831639528274536, 0.10035119205713272, 0.36827364563941956, 0.010470492765307426], [0.016909822821617126, 0.058937493711709976, -0.1177690327167511, -0.10501114279031754, -0.0296101626008749, -0.00237341970205307, 0.11175002157688141, 0.013891521841287613, 0.03969571366906166, -0.00018894259119406343, -0.10386595875024796, 0.08778929710388184, 0.14357849955558777, 0.1920086294412613, 0.10158631950616837, 0.2209818959236145, 0.04890552908182144, -0.053677696734666824, -0.16390055418014526, 0.1419610232114792, 0.0749143660068512, 0.12047236412763596, 0.31886428594589233, 0.02374573051929474, -0.3116444945335388, 0.06046822667121887, -0.01619531586766243, -0.06033681705594063, -0.09703145176172256, -0.3713122010231018, -0.2869930565357208, -0.12985406816005707, 0.030388083308935165, -0.17799143493175507, -0.2601919174194336, 0.29109475016593933, 0.14004696905612946, 0.2937171757221222, -0.06543484330177307, -0.004407587461173534], [-0.04950132593512535, -0.020923513919115067, -0.06374714523553848, 0.030595090240240097, 0.05509975552558899, 0.00831142719835043, 0.04029926657676697, -0.2582593262195587, -0.031081411987543106, -0.06771732866764069, -0.006823037751019001, 0.07200542837381363, -0.03410281613469124, 0.1247825175523758, 0.06043662875890732, 0.22611334919929504, 0.17224140465259552, -0.1138906180858612, -0.27560746669769287, 0.18553362786769867, -0.002746788552030921, 0.15400926768779755, 0.12036877125501633, 0.2381771057844162, -0.16324123740196228, -0.09520251303911209, 0.1754276156425476, 0.10579788684844971, -0.07701248675584793, -0.28879424929618835, -0.05439164862036705, -0.1958596110343933, -0.14129064977169037, -0.22010570764541626, -0.23665177822113037, -0.22419841587543488, 0.39061740040779114, 0.09318409115076065, -0.21211756765842438, -0.033990807831287384], [-0.0037257750518620014, -0.020607583224773407, -0.06146303936839104, 0.004045841284096241, 0.15244150161743164, -0.05279169976711273, 0.2335187941789627, -0.2248384654521942, -0.10980180650949478, -0.047566138207912445, -0.003326231613755226, 0.08229076117277145, -0.027404697611927986, 0.10829466581344604, 0.09364501386880875, 0.1810712069272995, 0.04207776486873627, -0.08216303586959839, -0.1294335424900055, 0.2330671101808548, 0.08669351041316986, 0.05585765093564987, -0.011905648745596409, 0.22264890372753143, -0.1901300847530365, -0.03701445087790489, 0.02047106623649597, 0.014933071099221706, -0.1367209255695343, -0.44411924481391907, 0.04037100449204445, -0.27702295780181885, -0.2146054059267044, -0.30287966132164, -0.061806537210941315, -0.23386991024017334, 0.2225750982761383, -0.10028921812772751, -0.24733659625053406, -0.005436312407255173], [-0.08723989874124527, -0.09850112348794937, -0.019888930022716522, -0.21311527490615845, 0.00013162703544367105, 0.08428797870874405, 0.26682114601135254, -0.07853024452924728, -0.04238038510084152, 0.06636642664670944, -0.13813956081867218, -0.09002997726202011, 0.10806427150964737, 0.04700968414545059, 0.09517094492912292, 0.021790457889437675, -0.10038034617900848, -0.054612915962934494, -0.1210433840751648, -0.18603165447711945, -0.12483088672161102, -0.04550647735595703, -0.16825821995735168, 0.017307542264461517, -0.07904144376516342, -0.12285693734884262, -0.4187374413013458, -0.13604316115379333, 0.05326644703745842, -0.2361641824245453, 0.13553743064403534, 0.2856840491294861, 0.11026330292224884, 0.14219170808792114, -0.06630980968475342, -0.08052079379558563, -0.14991390705108643, 0.3045099973678589, 0.3917514979839325, -0.03611019626259804], [-0.0653788298368454, 0.07535339146852493, -0.16989724338054657, -0.019241938367486, 0.1332884281873703, 0.08609044551849365, 0.1039934754371643, 0.10108162462711334, 0.05809959024190903, -0.055897776037454605, 0.07195417582988739, 0.06763121485710144, -0.03775034844875336, 0.2646658420562744, -0.2556399405002594, 0.20666053891181946, 0.33208876848220825, -0.09045147150754929, -0.2776716351509094, 0.11218375712633133, -0.2970035672187805, 0.026907222345471382, 0.2173083871603012, 0.07423439621925354, -0.26047006249427795, -0.0038747701328247786, -0.024171261116862297, -0.004325068090111017, -0.14968052506446838, -0.02076144516468048, -0.31924566626548767, 0.10986688733100891, -0.15820208191871643, 0.02797728218138218, 0.04151594638824463, -0.07772145420312881, 0.14887656271457672, 0.24721145629882812, -0.21576693654060364, 0.017421340569853783], [-0.1609644889831543, -0.09563004225492477, -0.0688457265496254, 0.07554116100072861, 0.1462438851594925, 0.09645788371562958, 0.05594557896256447, -0.10944029688835144, 0.04750008136034012, -0.09157462418079376, -0.0036895431112498045, 0.2746376395225525, -0.09366399794816971, 0.13835325837135315, -0.007045704871416092, 0.34241870045661926, 0.19848085939884186, -0.07613885402679443, -0.28409120440483093, 0.14502717554569244, -0.12813223898410797, 0.039852987974882126, 0.14367301762104034, 0.22281377017498016, -0.05213747173547745, -0.03058173879981041, 0.12975960969924927, 0.07661306113004684, 0.06475206464529037, -0.1979721039533615, 0.06392043083906174, -0.12443269789218903, -0.1378844827413559, -0.11230263113975525, -0.11981809884309769, -0.3022274971008301, 0.3909810483455658, 